1,깵릠딂q냆_1,2020-09-18 22:22:00,1
2,깵릠딂q냆_2,2020-09-19 22:22:00,2
3,깵릠딂q냆_3,2020-09-20 22:22:00,3
4,깵릠딂q냆_4,2020-09-21 22:22:00,4
5,깵릠딂q냆_5,2020-09-22 22:22:00,5
6,깵릠딂q냆_6,2020-09-23 22:22:00,6
7,깵릠딂q냆_7,2020-09-24 22:22:00,7
8,깵릠딂q냆_8,2020-09-25 22:22:00,8
9,깵릠딂q냆_9,2020-09-26 22:22:00,9
10,깵릠딂q냆_10,2020-09-27 22:22:00,10
11,깵릠딂q냆_11,2020-09-28 22:22:00,11
12,깵릠딂q냆_12,2020-09-29 22:22:00,12
13,깵릠딂q냆_13,2020-09-30 22:22:00,13
14,깵릠딂q냆_14,2020-10-01 22:22:00,14
15,깵릠딂q냆_15,2020-10-02 22:22:00,15
16,깵릠딂q냆_16,2020-10-03 22:22:00,16
17,깵릠딂q냆_17,2020-10-04 22:22:00,17
18,깵릠딂q냆_18,2020-10-05 22:22:00,18
19,깵릠딂q냆_19,2020-10-06 22:22:00,19
20,깵릠딂q냆_20,2020-10-07 22:22:00,20
21,깵릠딂q냆_21,2020-10-08 22:22:00,21
22,깵릠딂q냆_22,2020-10-09 22:22:00,22
23,깵릠딂q냆_23,2020-10-10 22:22:00,23
24,깵릠딂q냆_24,2020-10-11 22:22:00,24
25,깵릠딂q냆_25,2020-10-12 22:22:00,25
26,깵릠딂q냆_26,2020-10-13 22:22:00,26
27,깵릠딂q냆_27,2020-10-14 22:22:00,27
28,깵릠딂q냆_28,2020-10-15 22:22:00,28
29,깵릠딂q냆_29,2020-10-16 22:22:00,29
30,깵릠딂q냆_30,2020-10-17 22:22:00,30