1,1,2020/10/12 9:45,調査内容01,1
2,2,2020/10/13 9:45,調査内容02,2
3,3,2020/10/14 9:45,調査内容03,3
4,4,2020/10/15 9:45,調査内容04,4
5,5,2020/10/16 9:45,調査内容05,5
6,6,2020/10/17 9:45,調査内容06,6
7,7,2020/10/18 9:45,調査内容07,7
8,1,2020/10/19 9:45,調査内容08,8
9,2,2020/10/20 9:45,調査内容09,9
10,3,2020/10/21 9:45,調査内容10,10
11,4,2020/10/22 9:45,調査内容11,11
12,5,2020/10/23 9:45,調査内容12,12
13,6,2020/10/24 9:45,調査内容13,13
14,7,2020/10/25 9:45,調査内容14,14
15,1,2020/10/26 9:45,調査内容15,15
16,2,2020/10/27 9:45,調査内容16,16
17,3,2020/10/28 9:45,調査内容17,17
18,4,2020/10/29 9:45,調査内容18,18
19,5,2020/10/30 9:45,調査内容19,19
20,6,2020/10/31 9:45,調査内容20,20
21,7,2020/11/1 9:45,調査内容21,21
22,1,2020/11/2 9:45,調査内容22,22
23,2,2020/11/3 9:45,調査内容23,23
24,3,2020/11/4 9:45,調査内容24,24
25,4,2020/11/5 9:45,調査内容25,25
26,5,2020/11/6 9:45,調査内容26,26
27,6,2020/11/7 9:45,調査内容27,27
28,7,2020/11/8 9:45,調査内容28,28
29,2,2020/11/9 9:45,調査内容29,29
30,2,2020/11/10 9:45,調査内容30,30