1,1,1,申請理由詳細01,2019/3/9 9:04,2019/3/10 9:04,2019/3/11 9:04,2019/3/12 9:04,SMS専用メモ01,1,2019/3/12 9:04,,,通知用判定理由01,運営用備考01
2,2,2,申請理由詳細02,2019/3/10 9:04,2019/3/11 9:04,2019/3/12 9:04,2019/3/13 9:04,SMS専用メモ02,2,,,2019/3/12 9:04,通知用判定理由02,運営用備考02
3,3,3,申請理由詳細03,2019/3/11 9:04,2019/3/12 9:04,2019/3/13 9:04,2019/3/14 9:04,SMS専用メモ03,3,,,2019/3/12 9:04,通知用判定理由03,運営用備考03
4,4,4,申請理由詳細04,2019/3/12 9:04,2019/3/13 9:04,2019/3/14 9:04,2019/3/15 9:04,SMS専用メモ04,4,2019/3/15 9:04,,,通知用判定理由04,運営用備考04
5,5,5,申請理由詳細05,2019/3/13 9:04,2019/3/14 9:04,2019/3/15 9:04,2019/3/16 9:04,SMS専用メモ05,5,,2019/3/16 9:04,,通知用判定理由05,運営用備考05
6,6,6,申請理由詳細06,2019/3/14 9:04,2019/3/15 9:04,2019/3/16 9:04,2019/3/17 9:04,SMS専用メモ06,6,2019/3/17 9:04,,,通知用判定理由06,運営用備考06
7,7,7,申請理由詳細07,2019/3/15 9:04,2019/3/16 9:04,2019/3/17 9:04,2019/3/18 9:04,SMS専用メモ07,7,2019/3/18 9:04,,,通知用判定理由07,運営用備考07
8,8,1,申請理由詳細08,2019/3/16 9:04,2019/3/17 9:04,2019/3/18 9:04,2019/3/19 9:04,SMS専用メモ08,8,,,2019/3/12 9:04,通知用判定理由08,運営用備考08
9,9,2,申請理由詳細09,2019/3/17 9:04,2019/3/18 9:04,2019/3/19 9:04,2019/3/20 9:04,SMS専用メモ09,9,,,2019/3/12 9:04,通知用判定理由09,運営用備考09
10,10,3,申請理由詳細10,2019/3/18 9:04,2019/3/19 9:04,2019/3/20 9:04,2019/3/21 9:04,SMS専用メモ10,10,,2019/3/21 9:04,,通知用判定理由10,運営用備考10
11,11,4,申請理由詳細11,2019/3/19 9:04,2019/3/20 9:04,2019/3/21 9:04,2019/3/22 9:04,SMS専用メモ11,11,2019/3/22 9:04,,2019/3/12 9:04,通知用判定理由11,運営用備考11
12,12,5,申請理由詳細12,2019/3/20 9:04,2019/3/21 9:04,2019/3/22 9:04,2019/3/23 9:04,SMS専用メモ12,12,,2019/3/12 9:04,,通知用判定理由12,運営用備考12
13,13,6,申請理由詳細13,2019/3/21 9:04,2019/3/22 9:04,2019/3/23 9:04,2019/3/24 9:04,SMS専用メモ13,13,,2019/3/12 9:04,,通知用判定理由13,運営用備考13
14,14,7,申請理由詳細14,2019/3/22 9:04,2019/3/23 9:04,2019/3/24 9:04,2019/3/25 9:04,SMS専用メモ14,14,2019/3/25 9:04,,,通知用判定理由14,運営用備考14
15,15,1,申請理由詳細15,2019/3/23 9:04,2019/3/24 9:04,2019/3/25 9:04,2019/3/26 9:04,SMS専用メモ15,15,2019/3/26 9:04,,,通知用判定理由15,運営用備考15
16,16,2,申請理由詳細16,2019/3/24 9:04,2019/3/25 9:04,2019/3/26 9:04,2019/3/27 9:04,SMS専用メモ16,16,,2019/3/12 9:04,,通知用判定理由16,運営用備考16
17,17,3,申請理由詳細17,2019/3/25 9:04,2019/3/26 9:04,2019/3/27 9:04,2019/3/28 9:04,SMS専用メモ17,17,2019/3/28 9:04,,,通知用判定理由17,運営用備考17
18,18,4,申請理由詳細18,2019/3/26 9:04,2019/3/27 9:04,2019/3/28 9:04,2019/3/29 9:04,SMS専用メモ18,18,2019/3/29 9:04,,,通知用判定理由18,運営用備考18
19,19,5,申請理由詳細19,2019/3/27 9:04,2019/3/28 9:04,2019/3/29 9:04,2019/3/30 9:04,SMS専用メモ19,19,,,2019/3/12 9:04,通知用判定理由19,運営用備考19
20,20,6,申請理由詳細20,2019/3/28 9:04,2019/3/29 9:04,2019/3/30 9:04,2019/3/31 9:04,SMS専用メモ20,20,2019/3/31 9:04,,,通知用判定理由20,運営用備考20
21,21,7,申請理由詳細21,2019/3/29 9:04,2019/3/30 9:04,2019/3/31 9:04,2019/4/1 9:04,SMS専用メモ21,21,,2019/4/1 9:04,,通知用判定理由21,運営用備考21
22,22,1,申請理由詳細22,2019/3/30 9:04,2019/3/31 9:04,2019/4/1 9:04,2019/4/2 9:04,SMS専用メモ22,22,2019/4/2 9:04,,,通知用判定理由22,運営用備考22
23,23,2,申請理由詳細23,2019/3/31 9:04,2019/4/1 9:04,2019/4/2 9:04,2019/4/3 9:04,SMS専用メモ23,23,,2019/3/12 9:04,,通知用判定理由23,運営用備考23
24,24,3,申請理由詳細24,2019/4/1 9:04,2019/4/2 9:04,2019/4/3 9:04,2019/4/4 9:04,SMS専用メモ24,24,2019/4/4 9:04,,,通知用判定理由24,運営用備考24
25,25,4,申請理由詳細25,2019/4/2 9:04,2019/4/3 9:04,2019/4/4 9:04,2019/4/5 9:04,SMS専用メモ25,25,,2019/3/12 9:04,,通知用判定理由25,運営用備考25
26,26,5,申請理由詳細26,2019/4/3 9:04,2019/4/4 9:04,2019/4/5 9:04,2019/4/6 9:04,SMS専用メモ26,26,2019/4/6 9:04,,,通知用判定理由26,運営用備考26
27,27,6,申請理由詳細27,2019/4/4 9:04,2019/4/5 9:04,2019/4/6 9:04,2019/4/7 9:04,SMS専用メモ27,27,2019/4/7 9:04,,,通知用判定理由27,運営用備考27
28,28,7,申請理由詳細28,2019/4/5 9:04,2019/4/6 9:04,2019/4/7 9:04,2019/4/8 9:04,SMS専用メモ28,28,,2019/4/8 9:04,,通知用判定理由28,運営用備考28
29,29,2,申請理由詳細29,2019/4/6 9:04,2019/4/7 9:04,2019/4/8 9:04,2019/4/9 9:04,SMS専用メモ29,29,,,2019/3/12 9:04,通知用判定理由29,運営用備考29
30,30,2,申請理由詳細30,2019/4/7 9:04,2019/4/8 9:04,2019/4/9 9:04,2019/4/10 9:04,SMS専用メモ30,30,,,2019/3/12 9:04,通知用判定理由30,運営用備考30
,,,,,,,,,,,,,,