1,1,2019/12/31 9:23,2022/12/31 9:23
2,2,2020/1/1 9:23,2023/1/1 9:23
3,3,2020/1/2 9:23,2023/1/2 9:23
4,1,2020/1/3 9:23,2023/1/3 9:23
5,20,2020/1/4 9:23,2023/1/4 9:23
6,6,2020/1/5 9:23,2023/1/5 9:23
7,7,2020/1/6 9:23,2023/1/6 9:23
8,4,2020/1/7 9:23,2023/1/7 9:23
9,9,2020/1/8 9:23,2023/1/8 9:23
10,10,2020/1/9 9:23,2023/1/9 9:23
11,11,2020/1/10 9:23,2023/1/10 9:23
12,6,2020/1/11 9:23,2023/1/11 9:23
13,13,2020/1/12 9:23,2023/1/12 9:23
14,14,2020/1/13 9:23,2023/1/13 9:23
15,15,2020/1/14 9:23,2023/1/14 9:23
16,16,2020/1/15 9:23,2023/1/15 9:23
17,9,2020/1/16 9:23,2023/1/16 9:23
18,18,2020/1/17 9:23,2023/1/17 9:23
19,19,2020/1/18 9:23,2023/1/18 9:23
20,20,2020/1/19 9:23,2023/1/19 9:23
21,21,2020/1/20 9:23,2023/1/20 9:23
22,22,2020/1/21 9:23,2023/1/21 9:23
23,23,2020/1/22 9:23,2023/1/22 9:23
24,24,2020/1/23 9:23,2023/1/23 9:23
25,25,2020/1/24 9:23,2023/1/24 9:23
26,26,2020/1/25 9:23,2023/1/25 9:23
27,27,2020/1/26 9:23,2023/1/26 9:23
28,28,2020/1/27 9:23,2023/1/27 9:23
29,29,2020/1/28 9:23,2023/1/28 9:23
30,30,2020/1/29 9:23,2023/1/29 9:23